,coin,symbol,price,1h,24h,7d,24h_volume,mkt_cap,date
107,Mina Protocol,MINA,1.81,0.015,0.105,-0.004,70360743.0,756143474.0,2022-03-16
108,Holo,HOT,0.00414796568,0.027,0.027,0.0279999999999999,63199499.0,734353201.0,2022-03-16
109,Compound,COMP,109.58,0.026,0.045,0.052,40756551.0,726097698.0,2022-03-16
111,Bitkub Coin,KUB,7.89,0.004,0.0,-0.034,2193655.0,698922310.0,2022-03-16
112,Neutrino USD,USDN,1.0,0.003,-0.001,0.0069999999999999,15319422.0,687954763.0,2022-03-16
114,Nexus Mutual,NXM,92.51,0.026,0.035,0.065,1909.73,633750394.0,2022-03-16
115,XDC Network,XDC,0.050635431946,-0.002,-0.022,0.0969999999999999,9930593.0,616292915.0,2022-03-16
117,WAX,WAXP,0.274089,0.021,0.02,0.0,26837225.0,615219740.0,2022-03-16
119,Qtum,QTUM,5.95,0.0289999999999999,0.023,0.036,79032386.0,612948390.0,2022-03-16
123,Livepeer,LPT,23.82,0.03,0.023,0.024,11291907.0,589774119.0,2022-03-16
124,Ankr,ANKR,0.072181812557,0.023,0.016,-0.064,40789205.0,587511707.0,2022-03-16
125,Bancor Network Token,BNT,2.29,0.017,0.033,0.062,26117403.0,583581643.0,2022-03-16
126,Pocket Network,POKT,0.699085,0.019,-0.003,-0.055,974551.0,580439408.0,2022-03-16
127,Marinade staked SOL,MSOL,88.63,0.025,0.0139999999999999,0.043,18662090.0,578275391.0,2022-03-16
129,Zilliqa,ZIL,0.041008132304,0.033,0.032,0.047,37965285.0,571307984.0,2022-03-16
130,SafeMoon,SFM,0.001028389235,0.038,-0.034,-0.088,406894.0,566255393.0,2022-03-16
131,Render Token,RNDR,2.43,0.024,0.035,-0.031,23720000.0,560228533.0,2022-03-16
132,Fei USD,FEI,1.0,0.001,0.0,0.003,10254055.0,557210659.0,2022-03-16
134,ICON,ICX,0.753601,0.026,-0.013,0.21,45059623.0,549632622.0,2022-03-16
135,Ravencoin,RVN,0.051804162049,0.027,0.042,0.006,19390191.0,538520749.0,2022-03-16
136,IOST,IOST,0.022568760363,0.025,0.011,0.015,35343794.0,517770891.0,2022-03-16
137,Bitcoin Gold,BTG,29.74,0.018,0.0279999999999999,0.032,9146317.0,517358240.0,2022-03-16
138,Kava,KAVA,3.16,0.023,0.035,0.034,22753924.0,504959645.0,2022-03-16
139,UMA,UMA,7.74,0.018,0.018,-0.016,46067620.0,503487995.0,2022-03-16
140,OEC Token,OKT,32.27,0.023,0.01,-0.062,5163788.0,488521386.0,2022-03-16
141,Songbird,SGB,0.062799688152,0.022,0.006,-0.1369999999999999,2629530.0,486741272.0,2022-03-16
142,e-Radix,EXRD,0.122181,0.022,0.063,0.004,2588295.0,484119330.0,2022-03-16
143,Velas,VLX,0.213154,-0.0,0.004,-0.037,4105033.0,483094532.0,2022-03-16
144,Rocket Pool,RPL,30.03,0.024,0.0409999999999999,0.15,578038.0,480593962.0,2022-03-16
146,Moonbeam,GLMR,2.38,0.023,0.038,-0.036,37324761.0,476681084.0,2022-03-16
147,Sapphire,SAPP,0.564647,0.02,0.001,0.0139999999999999,432768.0,470978131.0,2022-03-16
148,Horizen,ZEN,38.73,0.015,0.061,0.026,29127070.0,469969529.0,2022-03-16
149,WOO Network,WOO,0.492556,0.019,0.087,0.124,60339780.0,467152311.0,2022-03-16
150,Liquity USD,LUSD,1.0,0.0,0.0,-0.008,3222808.0,464727068.0,2022-03-16
151,Golem,GLM,0.465346,0.016,0.022,-0.085,15905189.0,464458665.0,2022-03-16
152,Rally,RLY,0.180078,0.026,0.001,-0.0579999999999999,3356848.0,464413872.0,2022-03-16
153,Baby Doge Coin,BABYDOGE,2.864e-09,0.026,0.021,-0.039,10651029.0,452640717.0,2022-03-16
154,Audius,AUDIO,0.735289,0.027,0.026,0.02,7909768.0,447883958.0,2022-03-16
155,Siacoin,SC,0.008880296534,0.018,0.022,-0.004,12295120.0,446937901.0,2022-03-16
157,Ontology,ONT,0.499727,0.021,0.0289999999999999,-0.011,30824913.0,433758425.0,2022-03-16
158,0x,ZRX,0.509791,0.025,0.035,0.0279999999999999,29309302.0,427933388.0,2022-03-16
159,APENFT,NFT,1.523622e-06,0.004,0.005,-0.047,69002807.0,421365369.0,2022-03-16
160,SKALE,SKL,0.12635,0.013,0.043,0.1119999999999999,11283316.0,407687711.0,2022-03-16
161,SwissBorg,CHSB,0.428284,0.022,0.026,-0.054,1063375.0,403883855.0,2022-03-16
163,Dogelon Mars,ELON,7.24104e-07,0.043,0.072,0.0279999999999999,10950097.0,394017729.0,2022-03-16
164,Olympus,OHM,28.12,0.0139999999999999,-0.019,-0.086,3529301.0,390854092.0,2022-03-16
165,Constellation,DAG,0.152116,0.013,-0.013,0.249,1019712.0,382521151.0,2022-03-16
166,Synapse,SYN,2.17,0.012,-0.078,0.0,9229483.0,380868743.0,2022-03-16
168,Convex CRV,CVXCRV,1.95,0.038,0.021,0.0069999999999999,96902.91,364340007.0,2022-03-16
169,Everdome,DOME,0.042328407322,-0.004,0.09,-0.07,44769576.0,363656510.0,2022-03-16
170,Gemini Dollar,GUSD,1.0,0.003,0.001,0.001,3181078.0,355825684.0,2022-03-16
171,JUST,JST,0.048936163597,0.013,0.005,0.033,74944693.0,355779812.0,2022-03-16
172,Decentralized Social,DESO,33.97,0.005,0.111,0.192,768392.0,354095011.0,2022-03-16
173,Polymath,POLY,0.384838,0.017,0.0139999999999999,-0.036,12205658.0,344258737.0,2022-03-16
174,NuCypher,NU,0.419373,0.004,0.01,-0.098,4321357.0,342894249.0,2022-03-16
175,REN,REN,0.338855,0.032,0.012,-0.012,41048178.0,337192089.0,2022-03-16
176,Keep Network,KEEP,0.609779,0.012,0.019,-0.066,2299639.0,333366751.0,2022-03-16
178,Flux,FLUX,1.43,0.016,0.022,0.087,15489371.0,330216558.0,2022-03-16
179,Ethereum Name Service,ENS,14.05,0.04,0.043,0.016,39284120.0,326307175.0,2022-03-16
180,Hive,HIVE,0.869127,0.015,0.0409999999999999,0.011,12455971.0,322775766.0,2022-03-16
183,Spell Token,SPELL,0.003547901833,0.015,0.009,-0.059,27285439.0,317144040.0,2022-03-16
184,Nervos Network,CKB,0.010554840501,0.0139999999999999,0.02,-0.015,6162463.0,316458006.0,2022-03-16
185,Kyber Network Crystal,KNC,3.06,0.025,0.008,0.002,40287449.0,313785580.0,2022-03-16
187,HUSD,HUSD,0.999103,0.0,0.001,0.0,43235094.0,310668205.0,2022-03-16
188,Ultra,UOS,1.15,0.01,0.024,-0.037,8976424.0,308351253.0,2022-03-16
191,DeFi Kingdoms,JEWEL,4.16,0.04,0.016,-0.074,11440253.0,302825745.0,2022-03-16
192,Telcoin,TEL,0.004899527146,0.008,0.027,-0.011,2843059.0,301743735.0,2022-03-16
193,Tomb,TOMB,1.18,0.031,0.01,-0.054,14140774.0,300452818.0,2022-03-16
194,Stargaze,STARS,0.401895,0.0139999999999999,-0.005,-0.125,1726553.0,300351592.0,2022-03-16
195,DigiByte,DGB,0.019668130187,0.03,0.018,0.059,15693285.0,297257419.0,2022-03-16
197,Syscoin,SYS,0.468329,0.023,-0.031,-0.074,12673226.0,296323527.0,2022-03-16
198,Lisk,LSK,2.03,0.015,0.006,0.019,7600165.0,293297599.0,2022-03-16
199,Tokemak,TOKE,25.32,0.03,0.076,-0.004,6123881.0,292863833.0,2022-03-16
202,PlayDapp,PLA,0.797778,0.021,0.04,-0.013,17641285.0,288940736.0,2022-03-16
203,SafeMoon [OLD],SAFEMOON,5.06313e-07,0.02,0.025,0.003,3503.42,277800683.0,2022-03-16
204,Ronin,RON,1.86,0.023,0.0289999999999999,-0.004,2243276.0,276423433.0,2022-03-16
205,Persistence,XPRT,3.3,0.012,0.045,0.038,2580206.0,273550379.0,2022-03-16
206,Radio Caca,RACA,0.001341144021,0.0279999999999999,0.0409999999999999,0.099,15540182.0,273386276.0,2022-03-16
208,MAI,MIMATIC,0.99909,0.002,0.006,0.002,11703582.0,269555684.0,2022-03-16
209,Casper Network,CSPR,0.063408018304,0.023,0.1009999999999999,0.019,11186869.0,262580070.0,2022-03-16
210,Everscale,EVER,0.191627,-0.011,-0.009,0.001,6416.99,261949792.0,2022-03-16
211,SXP,SXP,1.34,0.022,0.059,0.038,71885529.0,258788391.0,2022-03-16
212,Floki Inu,FLOKI,2.8340322e-05,0.04,0.042,-0.037,6481180.0,257703958.0,2022-03-16
213,Zenon,ZNN,5.35,0.011,0.025,-0.019,42667.91,257245207.0,2022-03-16
214,Injective,INJ,5.33,0.027,0.024,0.021,16026155.0,256116913.0,2022-03-16
215,MXC,MXC,0.104299,-0.0,0.031,0.175,21346445.0,255853059.0,2022-03-16
217,WazirX,WRX,0.558123,0.012,-0.002,-0.073,7071983.0,254216018.0,2022-03-16
218,Perpetual Protocol,PERP,3.85,0.019,0.012,-0.009,8343005.0,251018197.0,2022-03-16
219,Mobox,MBOX,2.04,0.026,-0.024,0.06,38070293.0,250469440.0,2022-03-16
221,Trust Wallet Token,TWT,0.721272,0.026,-0.084,0.065,45061838.0,248213542.0,2022-03-16
222,Serum,SRM,1.87,0.02,0.026,0.034,40405418.0,247791442.0,2022-03-16
223,Coin98,C98,1.34,0.024,0.035,0.066,52212880.0,247303702.0,2022-03-16
225,Zipmex Token,ZMT,2.79,-0.002,0.004,-0.005,14206660.0,246790193.0,2022-03-16
226,Tribe,TRIBE,0.543192,0.011,0.01,0.0289999999999999,8017450.0,246535822.0,2022-03-16
227,VVS Finance,VVS,2.2321211e-05,0.018,0.022,-0.087,3849460.0,235411080.0,2022-03-16
228,Metahero,HERO,0.045156504195,0.023,0.034,-0.106,8366250.0,233755062.0,2022-03-16
229,Creditcoin,CTC,1.14,0.015,0.015,0.023,3179625.0,233390471.0,2022-03-16
230,Lido Staked SOL,STSOL,87.91,0.024,0.013,0.04,4624558.0,233265607.0,2022-03-16
231,API3,API3,4.7,0.0279999999999999,-0.008,-0.1009999999999999,29731985.0,230984150.0,2022-03-16
232,Escoin Token,ELG,3.37,0.024,0.021,0.051,685965.0,228752259.0,2022-03-16
233,Function X,FX,0.488809,0.019,0.005,-0.005,2065790.0,228173732.0,2022-03-16
234,Raydium,RAY,2.51,0.013,0.0559999999999999,0.035,33025947.0,227133027.0,2022-03-16
235,CoinEx Token,CET,0.061152343679,0.005,0.035,0.072,862651.0,226665111.0,2022-03-16
236,Euro Tether,EURT,1.1,0.004,0.008,0.012,25282592.0,226370344.0,2022-03-16
237,Fetch.ai,FET,0.327851,0.022,0.0069999999999999,0.024,21546674.0,224454559.0,2022-03-16
238,Dent,DENT,0.002351313514,0.023,0.017,0.008,18982568.0,223840664.0,2022-03-16
239,Chia,XCH,65.15,0.012,-0.021,-0.084,10252044.0,221396095.0,2022-03-16
240,Status,SNT,0.056745127667,0.012,0.0069999999999999,-0.034,7688360.0,219753630.0,2022-03-16
241,Power Ledger,POWR,0.503878,0.01,0.005,-0.023,32211271.0,216689443.0,2022-03-16
242,Medibloc,MED,0.040119247871,0.011,0.025,0.025,7724520.0,215001420.0,2022-03-16
243,xSUSHI,XSUSHI,3.8,0.002,0.033,0.055,107293.0,213613208.0,2022-03-16
244,Chromia,CHR,0.37938,0.0289999999999999,0.045,0.031,58407751.0,213564555.0,2022-03-16
245,Yield Guild Games,YGG,2.43,0.027,0.009,-0.057,17537941.0,212099797.0,2022-03-16
246,Telos,TLOS,0.819159,0.02,0.052,-0.096,4398496.0,212084558.0,2022-03-16
247,COTI,COTI,0.201515,0.017,0.048,0.008,15582614.0,210898806.0,2022-03-16
248,Alchemix USD,ALUSD,0.997171,-0.001,-0.001,0.0,3032734.0,208898318.0,2022-03-16
249,Celer Network,CELR,0.037068909834,0.0289999999999999,0.0279999999999999,-0.003,35862409.0,208463091.0,2022-03-16
250,Orbs,ORBS,0.072194784903,0.006,0.02,0.023,28204447.0,208178410.0,2022-03-16
251,Vulcan Forged,PYR,8.73,0.027,0.039,-0.044,38526780.0,207895650.0,2022-03-16
252,Energy Web Token,EWT,4.91,0.015,-0.009,0.042,2224285.0,205388247.0,2022-03-16
253,Astar,ASTR,0.10323,0.009,0.0069999999999999,0.032,7991761.0,205235595.0,2022-03-16
255,Cratos,CRTS,0.002952176693,-0.009,-0.037,-0.13,13535131.0,203670465.0,2022-03-16
256,Ocean Protocol,OCEAN,0.469383,0.0279999999999999,0.051,0.074,22022827.0,202627972.0,2022-03-16
257,XYO Network,XYO,0.016347118202,0.001,0.009,-0.032,4569339.0,202482367.0,2022-03-16
259,PLEX,PLEX,0.815228,0.013,0.0279999999999999,-0.008,15377424.0,198958494.0,2022-03-16
260,LUKSO Token,LYXE,13.05,0.016,0.015,-0.001,1147300.0,198688328.0,2022-03-16
261,DAO Maker,DAO,2.19,0.012,-0.01,-0.042,3559341.0,196210425.0,2022-03-16
262,Boba Network,BOBA,1.21,0.0069999999999999,0.061,0.136,4382013.0,192933914.0,2022-03-16
263,Mdex,MDX,0.223833,0.018,0.0289999999999999,0.051,7274677.0,192821569.0,2022-03-16
264,UFO Gaming,UFO,7.530048e-06,0.03,0.033,-0.009,5098371.0,191533622.0,2022-03-16
265,Ardor,ARDR,0.192938,0.0139999999999999,0.02,-0.011,6272018.0,191059042.0,2022-03-16
266,Pundi X,PUNDIX,0.740085,0.0139999999999999,0.022,-0.006,4296268.0,190637766.0,2022-03-16
267,Mask Network,MASK,4.05,0.032,0.07,0.023,46857218.0,189430950.0,2022-03-16
270,Coinmetro,XCM,0.609647,0.005,-0.055,-0.017,54700.31,184318822.0,2022-03-16
271,MX Token,MX,1.86,0.016,0.017,0.0289999999999999,380193.0,184031159.0,2022-03-16
272,Reserve Rights Token,RSR,0.013806375745,0.015,0.136,0.133,58160962.0,182389151.0,2022-03-16
273,Radicle,RAD,4.43,0.018,0.016,0.021,5082786.0,182383890.0,2022-03-16
274,Conflux,CFX,0.116231,0.02,0.0069999999999999,-0.072,4957635.0,180397101.0,2022-03-16
276,XSGD,XSGD,0.73676,0.004,0.004,0.006,4120965.0,179572544.0,2022-03-16
277,MiL.k Alliance,MLK,0.81278,0.012,0.0289999999999999,0.0279999999999999,6771412.0,179537968.0,2022-03-16
278,Civic,CVC,0.268256,0.024,0.0559999999999999,0.032,15009057.0,179389403.0,2022-03-16
280,Aragon,ANT,4.62,0.027,0.05,0.051,31404911.0,176410722.0,2022-03-16
281,Yoshi.exchange,YOSHI,1.34,0.038,0.135,0.244,3113291.0,173731724.0,2022-03-16
282,SuperFarm,SUPER,0.606166,0.025,0.012,0.023,15865086.0,173202752.0,2022-03-16
283,Divi,DIVI,0.06259333954,-0.003,0.057,-0.0409999999999999,232874.0,172881299.0,2022-03-16
284,BTSE Token,BTSE,8.42,0.006,0.012,0.127,1644847.0,170044358.0,2022-03-16
285,GMX,GMX,22.78,0.0279999999999999,0.038,-0.062,3864455.0,168867621.0,2022-03-16
286,Request,REQ,0.218404,0.018,-0.001,0.122,18881863.0,168625356.0,2022-03-16
287,Multichain,MULTI,9.19,0.0139999999999999,0.049,-0.195,1481745.0,168453270.0,2022-03-16
288,Ergo,ERG,3.26,0.006,0.004,0.0819999999999999,945449.0,168320273.0,2022-03-16
289,Rari Governance Token,RGT,14.92,0.021,-0.025,0.02,590959.0,167699043.0,2022-03-16
290,FEG Token BSC,FEG,3.984e-09,0.0279999999999999,0.0,0.05,505356.0,166612893.0,2022-03-16
291,Alchemy Pay,ACH,0.040564968565,0.018,0.035,-0.003,9350241.0,166194387.0,2022-03-16
292,Numeraire,NMR,28.13,0.013,0.027,0.0,5247599.0,165855215.0,2022-03-16
293,Power Cash,PRCH,0.000548739722,-0.01,-0.023,-0.0069999999999999,107256.0,164420955.0,2022-03-16
294,Moonriver,MOVR,48.85,0.021,-0.025,-0.062,23687001.0,163974343.0,2022-03-16
296,Cartesi,CTSI,0.311626,0.02,-0.01,0.02,16935581.0,161866858.0,2022-03-16
297,JOE,JOE,0.883671,0.032,0.035,-0.0969999999999999,8255024.0,161542087.0,2022-03-16
299,Bifrost,BFC,0.149179,0.013,0.017,0.01,1366910.0,157313585.0,2022-03-16
300,inSure DeFi,SURE,0.005989952985,0.025,0.121,0.163,1229192.0,156870603.0,2022-03-16
301,Aurora,AURORA,6.85,-0.001,-0.02,-0.059,1292731.0,155499279.0,2022-03-16
302,AscendEx Token,ASD,0.210282,0.006,-0.012,-0.03,2234800.0,154656421.0,2022-03-16
303,Reef Finance,REEF,0.008455524242,0.024,0.025,0.034,21823319.0,153505883.0,2022-03-16
304,World Mobile Token,WMT,0.656382,0.002,0.005,-0.005,1215991.0,153058923.0,2022-03-16
305,Mango,MNGO,0.148804,0.021,0.011,-0.026,535237.0,152354623.0,2022-03-16
307,Poollotto.finance,PLT,17.61,0.004,0.004,0.015,737205.0,152110576.0,2022-03-16
308,Biconomy,BICO,1.31,0.012,0.077,0.035,29389338.0,151360962.0,2022-03-16
309,FEG Token,FEG,3.708e-09,0.017,0.009,0.024,1093047.0,151073649.0,2022-03-16
310,BNB48 Club Token,KOGE,75.36,0.006,0.016,-0.0005,8343005.0,151006279.0,2022-03-16
313,Origin Dollar,OUSD,0.993428,0.001,-0.002,0.001,886336.0,150338408.0,2022-03-16
314,Verge,XVG,0.009127060437,0.024,0.027,-0.047,4578538.0,149908633.0,2022-03-16
315,Kishu Inu,KISHU,1.544e-09,0.046,0.094,0.147,7104908.0,149823531.0,2022-03-16
316,Band Protocol,BAND,3.62,0.027,0.05,0.043,25806815.0,149778191.0,2022-03-16
317,Tokamak Network,TON,3.57,0.01,0.025,-0.024,2216118.0,149004019.0,2022-03-16
318,Storj,STORJ,1.04,0.023,0.042,0.106,29384442.0,147999404.0,2022-03-16
319,VeThor Token,VTHO,0.003245192677,0.021,-0.004,0.062,5301268.0,147086117.0,2022-03-16
320,USDX,USDX,0.969027,0.008,0.015,0.001,876536.0,146788183.0,2022-03-16
321,OriginTrail,TRAC,0.400529,0.016,0.009,-0.042,2381151.0,146343514.0,2022-03-16
322,Merit Circle,MC,2.09,0.025,0.068,0.036,25892084.0,146317069.0,2022-03-16
323,aelf,ELF,0.318783,0.018,0.016,-0.012,12922826.0,145914636.0,2022-03-16
324,Akash Network,AKT,1.09,0.016,-0.001,0.019,1755865.0,145104697.0,2022-03-16
325,GPEX,GPX,3.83,0.006,0.002,-0.072,179427.0,144648026.0,2022-03-16
326,StarLink,STARL,1.4396811e-05,0.045,0.022,-0.004,13867876.0,143867182.0,2022-03-16
327,Pundi X [OLD],NPXS,0.000600991914,0.0,-0.015,-0.128,0.0,142146180.0,2022-03-16
328,Acala,ACA,1.1,0.035,0.022,0.018,13275096.0,140584940.0,2022-03-16
329,Orchid Protocol,OXT,0.237795,0.021,0.0,0.066,12106980.0,139760673.0,2022-03-16
330,Beta Finance,BETA,0.387492,0.019,0.012,-0.072,18604900.0,138948965.0,2022-03-16
331,Ark,ARK,0.834377,0.0069999999999999,0.017,-0.0279999999999999,2749604.0,137522294.0,2022-03-16
332,STASIS EURO,EURS,1.1,0.006,0.008,0.0139999999999999,4643750.0,136959838.0,2022-03-16
336,Hxro,HXRO,0.305377,0.008,0.0139999999999999,-0.062,133516.0,133894630.0,2022-03-16
337,flexUSD,FLEXUSD,1.01,0.001,0.0,0.004,179309.0,132954034.0,2022-03-16
338,Bezoge Earth,BEZOGE,3.051e-09,0.012,-0.005,-0.0409999999999999,189402.0,132913608.0,2022-03-16
339,MaidSafeCoin,MAID,0.29492,0.023,0.01,0.045,3041.72,132775927.0,2022-03-16
340,Prometeus,PROM,7.96,0.017,0.008,0.015,1069360.0,130200675.0,2022-03-16
341,Iron Bank EURO,IBEUR,1.08,0.0,-0.004,0.009,95258.1,130044220.0,2022-03-16
342,Metadium,META,0.076908861633,0.0069999999999999,-0.036,0.046,32828560.0,129878030.0,2022-03-16
343,Sperax,SPA,0.166557,0.008,-0.017,-0.021,464074.0,129752776.0,2022-03-16
344,iExec RLC,RLC,1.81,0.019,0.057,0.075,6449965.0,129524554.0,2022-03-16
345,DUSK Network,DUSK,0.325281,0.021,-0.046,-0.038,27805515.0,129420731.0,2022-03-16
346,DEAPCOIN,DEP,0.027606422572,0.004,-0.009,-0.133,5292541.0,128916638.0,2022-03-16
347,StormX,STMX,0.01399186433,0.025,0.022,0.003,2316593.0,128800635.0,2022-03-16
348,RMRK,RMRK,13.65,0.03,0.044,0.006,4743523.0,128405686.0,2022-03-16
349,Qredo,QRDO,2.55,0.035,0.134,0.089,23819831.0,126060547.0,2022-03-16
350,Stratis,STRAX,0.931273,0.015,0.026,-0.0139999999999999,3193483.0,125656753.0,2022-03-16
351,STP Network,STPT,0.085865788522,0.0069999999999999,0.006,-0.0409999999999999,11751380.0,125461512.0,2022-03-16
352,Steem,STEEM,0.315524,0.013,0.01,0.009,6019119.0,124507907.0,2022-03-16
353,Alpha Finance,ALPHA,0.279294,0.018,0.054,0.021,7405255.0,124373230.0,2022-03-16
354,NKN,NKN,0.192439,0.03,0.078,0.064,9196680.0,124009174.0,2022-03-16
355,RSK Infrastructure Framework,RIF,0.150149,0.017,0.032,0.0069999999999999,1193005.0,123524355.0,2022-03-16
356,Balancer,BAL,11.45,0.0279999999999999,0.022,0.01,24421512.0,123217404.0,2022-03-16
357,Dawn Protocol,DAWN,1.7,0.016,0.023,0.033,2418035.0,122765002.0,2022-03-16
358,GXChain,GXC,1.64,0.021,-0.008,-0.019,11166637.0,122187268.0,2022-03-16
359,Sun Token,SUN,0.01159957152,0.012,0.013,0.02,35127631.0,121791772.0,2022-03-16
360,Dero,DERO,10.86,0.034,0.015,-0.141,810741.0,120268451.0,2022-03-16
361,Kirobo,KIRO,0.126408,0.019,0.019,-0.074,30233.26,119964465.0,2022-03-16
362,Alien Worlds,TLM,0.096545880435,0.036,0.039,-0.002,44383919.0,119120382.0,2022-03-16
363,Strike,STRK,37.95,0.0069999999999999,0.0139999999999999,-0.031,9721665.0,118658676.0,2022-03-16
364,Aavegotchi,GHST,1.95,0.0069999999999999,0.008,0.017,28297857.0,117328055.0,2022-03-16
365,Victoria VR,VR,0.144477,0.051,-0.003,0.032,7068380.0,117291824.0,2022-03-16
367,Decentral Games,DG,0.306293,0.005,0.002,0.003,854759.0,116422219.0,2022-03-16
369,FUNToken,FUN,0.010933267139,0.012,-0.004,-0.011,853332.0,115804492.0,2022-03-16
371,TrueFi,TRU,0.180166,0.025,-0.008,0.069,9656824.0,115725924.0,2022-03-16
372,agEUR,AGEUR,1.1,0.003,0.003,0.011,3811883.0,115711833.0,2022-03-16
374,Maple,MPL,25.38,-0.005,-0.019,0.154,3006803.0,114666914.0,2022-03-16
375,Spookyswap,BOO,12.83,0.0279999999999999,-0.0279999999999999,-0.109,5125254.0,114555634.0,2022-03-16
379,TitanSwap,TITAN,1.13,0.0,-0.002,-0.072,24704.16,112504097.0,2022-03-16
380,Phantasma,SOUL,1.08,0.0279999999999999,0.13,-0.024,2762350.0,112079479.0,2022-03-16
381,Tornado Cash,TORN,47.91,0.023,0.006,-0.071,10096292.0,111960444.0,2022-03-16
382,Alchemix,ALCX,95.14,0.0279999999999999,-0.042,-0.125,8581305.0,111651916.0,2022-03-16
383,DODO,DODO,0.391699,0.033,0.064,0.0,53854854.0,111498427.0,2022-03-16
384,Hoo Token,HOO,1.34,-0.002,0.049,-0.0139999999999999,8376366.0,111488236.0,2022-03-16
385,BTC Standard Hashrate Token,BTCST,15.38,0.032,0.022,-0.08,10770376.0,110711281.0,2022-03-16
386,KardiaChain,KAI,0.033106050211,0.005,0.012,0.092,3633167.0,110596002.0,2022-03-16
387,Klever,KLV,0.021137782806,0.027,0.034,0.054,4429411.0,109983784.0,2022-03-16
388,Orion Protocol,ORN,3.13,0.066,0.069,0.022,10611478.0,108618470.0,2022-03-16
389,BENQI Liquid Staked AVAX,SAVAX,73.3,0.035,0.036,0.003,232010.0,108588792.0,2022-03-16
390,PlatON Network,LAT,0.045411075152,0.011,0.01,-0.0579999999999999,4190176.0,108434635.0,2022-03-16
391,Hathor,HTR,0.479597,0.052,0.047,0.025,3389005.0,108345431.0,2022-03-16
392,Kava Swap,SWP,1.81,-0.009,-0.013,0.02,1850449.0,107989085.0,2022-03-16
393,Proton,XPR,0.010978430413,0.022,-0.02,-0.067,4912504.0,107238670.0,2022-03-16
394,Utrust,UTK,0.233365,0.018,-0.011,-0.0069999999999999,6103029.0,107165105.0,2022-03-16
395,Regen,REGEN,0.862787,0.018,0.036,0.002,113190.0,106505797.0,2022-03-16
397,BakerySwap,BAKE,0.548429,0.027,0.033,-0.005,11013168.0,104901896.0,2022-03-16
398,QuarkChain,QKC,0.015632618015,0.009,0.006,-0.019,2276212.0,103653419.0,2022-03-16
399,Hydra,HYDRA,8.93,0.005,-0.089,-0.004,444955.0,103576699.0,2022-03-16
400,TomoChain,TOMO,1.17,0.02,0.046,0.039,5201034.0,103142455.0,2022-03-16
401,Pylon Protocol,MINE,0.053553941991,0.011,0.046,0.093,1026416.0,102790559.0,2022-03-16
402,Ellipsis,EPS,0.164725,0.0139999999999999,0.036,0.042,8159278.0,102630468.0,2022-03-16
403,Venus,XVS,8.52,0.017,0.0069999999999999,-0.011,7769662.0,102446263.0,2022-03-16
404,Railgun,RAIL,1.78,0.013,0.0559999999999999,-0.0409999999999999,448935.0,102343090.0,2022-03-16
405,Seedify.fund,SFUND,4.33,0.016,0.033,-0.161,3442729.0,102337446.0,2022-03-16
406,Hermez Network,HEZ,6.09,0.009,0.003,0.0139999999999999,105821.0,102164945.0,2022-03-16
408,ICHI,ICHI,22.69,0.023,0.049,0.133,910181.0,99403281.0,2022-03-16
410,CRYPTO20,C20,2.94,0.006,-0.047,-0.011,53097.41,98979226.0,2022-03-16
411,Decentral Games Governance,XDG,0.32163,0.01,0.013,0.002,121569.0,98858963.0,2022-03-16
412,Metal,MTL,1.52,0.024,0.0289999999999999,-0.0069999999999999,12492929.0,98095635.0,2022-03-16
413,Wilder World,WILD,1.17,0.065,-0.002,-0.127,4735954.0,97124495.0,2022-03-16
414,Wrapped Centrifuge,WCFG,0.486023,0.004,0.021,-0.008,1702240.0,97035126.0,2022-03-16
415,Bitcoin Diamond,BCD,0.515751,0.008,0.025,-0.016,823683.0,96592411.0,2022-03-16
416,cBAT,CBAT,0.013887822764,0.006,0.016,-0.0005,8343005.0,96585801.0,2022-03-16
417,sUSD,SUSD,0.995877,-0.001,0.001,-0.002,8450530.0,95584478.0,2022-03-16
419,Bounce,AUCTION,13.1,0.016,0.018,0.027,1741028.0,94296802.0,2022-03-16
420,Augur,REP,13.43,0.019,0.02,-0.015,7904878.0,93213520.0,2022-03-16
421,Verasity,VRA,0.020985885492,0.048,0.0559999999999999,0.009,58902495.0,92248152.0,2022-03-16
423,Platypus Finance,PTP,4.82,0.045,-0.049,-0.153,2928863.0,91532885.0,2022-03-16
424,Ampleforth,AMPL,1.12,0.019,0.146,0.235,9846521.0,91484573.0,2022-03-16
425,Wanchain,WAN,0.473501,0.018,0.01,-0.024,7300330.0,91110234.0,2022-03-16
426,IDEX,IDEX,0.142817,0.013,-0.002,-0.018,22972045.0,90978713.0,2022-03-16
427,Dopex Rebate Token,RDPX,101.45,0.0559999999999999,0.04,0.113,3498225.0,90554011.0,2022-03-16
428,Everipedia,IQ,0.009006140462,0.0069999999999999,0.031,0.022,3388475.0,89718345.0,2022-03-16
430,Electroneum,ETN,0.005086662997,0.017,0.026,-0.017,176858.0,89440714.0,2022-03-16
431,KeeperDAO,ROOK,108.14,0.005,0.022,-0.001,420336.0,87457228.0,2022-03-16
432,cUNI,CUNI,0.177688,0.001,0.008,0.0,818771.0,86960205.0,2022-03-16
433,Dvision Network,DVI,0.348705,0.011,0.045,-0.1689999999999999,893982.0,85948342.0,2022-03-16
434,AllianceBlock,ALBT,0.222035,0.025,0.075,0.046,594392.0,85612394.0,2022-03-16
435,Bonfida,FIDA,1.61,0.02,0.0069999999999999,-0.114,4391814.0,85251644.0,2022-03-16
437,Avalaunch,XAVA,3.78,0.0289999999999999,0.032,-0.022,709787.0,84389747.0,2022-03-16
438,HUNT,HUNT,0.769839,0.005,0.044,-0.032,72974143.0,83873286.0,2022-03-16
439,Automata,ATA,0.367835,0.031,0.0409999999999999,0.035,10518480.0,83514063.0,2022-03-16
441,chrono.tech,TIME,118.16,0.023,0.036,-0.147,295233.0,83232136.0,2022-03-16
442,Celo Dollar,CUSD,0.999208,0.003,0.005,0.001,770929.0,82951206.0,2022-03-16
443,CertiK,CTK,1.18,0.016,0.04,0.04,7896532.0,82919242.0,2022-03-16
447,Gitcoin,GTC,5.67,0.04,0.06,-0.005,13047215.0,80324424.0,2022-03-16
448,Biswap,BSW,0.357696,0.019,0.042,0.149,5174312.0,80023062.0,2022-03-16
449,Clover Finance,CLV,0.305749,0.02,0.01,-0.016,8210647.0,79586374.0,2022-03-16
450,SafePal,SFP,0.733022,0.027,0.023,-0.039,14792090.0,78755589.0,2022-03-16
451,Enzyme,MLN,53.93,0.02,0.02,0.046,7197240.0,78254927.0,2022-03-16
452,Crabada,CRA,0.908045,0.047,0.106,0.031,2532869.0,78203679.0,2022-03-16
453,Covalent,CQT,0.308264,0.022,-0.039,-0.147,4464667.0,78070115.0,2022-03-16
454,Aergo,AERGO,0.216541,0.011,0.003,-0.14,8958942.0,78030243.0,2022-03-16
455,Nerve Finance,NRV,0.01746492327,0.001,-0.0279999999999999,-0.087,37129.53,77747624.0,2022-03-16
456,Swarm,BZZ,1.2,0.013,0.049,-0.008,1500542.0,77516525.0,2022-03-16
457,BENQI,QI,0.049616183289,0.036,0.011,-0.023,9851172.0,77090931.0,2022-03-16
458,Somnium Space CUBEs,CUBE,5.9,0.024,0.055,0.114,223101.0,76435550.0,2022-03-16
459,Rai Reflex Index,RAI,3.03,0.001,-0.001,0.003,1012855.0,76393616.0,2022-03-16
460,PEAKDEFI,PEAK,0.056409521696,0.004,0.0069999999999999,-0.175,51980.14,76293156.0,2022-03-16
461,Propy,PRO,1.31,0.021,-0.039,-0.1889999999999999,1379488.0,76264908.0,2022-03-16
462,Aurory,AURY,8.02,0.006,0.002,-0.008,1527291.0,76264310.0,2022-03-16
463,mStable USD,MUSD,0.999331,0.001,0.003,-0.0,207110.0,75247445.0,2022-03-16
465,ShapeShift FOX Token,FOX,0.273188,0.0139999999999999,0.001,-0.005,593740.0,73980085.0,2022-03-16
466,SingularityNET,AGIX,0.084142124159,0.026,-0.003,-0.036,868150.0,73918145.0,2022-03-16
467,Handshake,HNS,0.156275,0.019,-0.054,-0.108,197146.0,73747459.0,2022-03-16
468,Kin,KIN,4.1143641e-05,-0.022,0.094,-0.008,1152459.0,73595419.0,2022-03-16
469,RIZON,ATOLO,0.035663494252,0.046,0.023,-0.016,331202.0,72989274.0,2022-03-16
472,Sai,SAI,1.0,0.006,0.016,-0.0005,8343005.0,72643253.0,2022-03-16
473,Sovryn,SOV,3.43,0.006,-0.0069999999999999,-0.071,406765.0,72604865.0,2022-03-16
474,Badger DAO,BADGER,7.32,0.024,0.027,-0.006,4125819.0,72581913.0,2022-03-16
475,TempleDAO,TEMPLE,0.666697,0.021,-0.003,-0.025,1492924.0,71996496.0,2022-03-16
476,Wrapped NXM,WNXM,26.65,0.027,0.024,0.005,3964149.0,70945266.0,2022-03-16
477,Hifi Finance,MFT,0.00755611809,0.011,-0.054,0.052,58152200.0,70736052.0,2022-03-16
478,Dock,DOCK,0.033479547514,0.024,-0.002,-0.0,3240870.0,70448413.0,2022-03-16
479,Sifchain,EROWAN,0.091107956047,0.026,-0.024,-0.023,3841586.0,70322023.0,2022-03-16
480,Retreeb,TREEB,0.225841,0.035,0.1369999999999999,0.07,905540.0,70125336.0,2022-03-16
481,Presearch,PRE,0.179852,0.022,-0.042,0.0,598873.0,70111160.0,2022-03-16
482,PlatonCoin,PLTC,0.640304,-0.001,0.019,0.126,280435.0,69590558.0,2022-03-16
483,Aave [OLD],LEND,1.36,0.026,0.08,0.038,5128.17,69502548.0,2022-03-16
484,ShareToken,SHR,0.007189378251,0.013,-0.046,-0.138,221837.0,69453171.0,2022-03-16
485,Circuits of Value,COVAL,0.038262750519,-0.001,0.035,-0.038,601191.0,69008937.0,2022-03-16
486,Travala.com,AVA,1.33,0.018,0.021,0.051,3953320.0,68723455.0,2022-03-16
487,Redacted Cartel,BTRFLY,114.27,0.009,0.004,-0.204,580990.0,68675140.0,2022-03-16
488,IRISnet,IRIS,0.05572426797,0.022,-0.008,-0.027,6277598.0,68613799.0,2022-03-16
490,Index Coop - ETH 2x Flexible Leverage Index,ETH2X-FLI,66.16,0.049,0.06,0.119,2344685.0,68519516.0,2022-03-16
492,ThunderCore,TT,0.007869637878,0.006,-0.003,0.018,13601229.0,67862398.0,2022-03-16
493,OpenDAO,SOS,1.708294e-06,0.03,0.053,-0.09,14382323.0,67555662.0,2022-03-16
494,Carry,CRE,0.007639549275,0.0139999999999999,-0.023,-0.001,15140717.0,66948840.0,2022-03-16
495,ARPA Chain,ARPA,0.068515692234,0.0279999999999999,0.026,-0.008,14838311.0,66892485.0,2022-03-16
496,GuildFi,GF,1.54,0.005,0.0069999999999999,0.0409999999999999,7298293.0,66370610.0,2022-03-16
497,EverRise,RISE,0.000950733762,0.013,0.081,0.03,423218.0,66340451.0,2022-03-16
498,SuperRare,RARE,0.458127,0.018,0.0289999999999999,0.0289999999999999,16421385.0,66264262.0,2022-03-16
499,Oxygen,OXY,0.325739,0.015,0.001,0.084,464624.0,65770433.0,2022-03-16
109,Decred,DCR,52.84,-0.012,-0.07,-0.059,10725860.0,732991389.0,2022-03-17
110,IoTeX,IOTX,0.077158067035,-0.015,0.0069999999999999,0.0579999999999999,53815127.0,732645462.0,2022-03-17
111,Holo,HOT,0.004092449012,0.002,-0.013,-0.026,45825585.0,726741711.0,2022-03-17
112,Bitkub Coin,KUB,7.93,-0.002,0.004,-0.045,2877708.0,703620569.0,2022-03-17
114,Neutrino USD,USDN,1.0,-0.001,-0.003,0.008,6067663.0,685994297.0,2022-03-17
115,Nexus Mutual,NXM,95.18,0.006,0.03,0.035,21594.97,655250086.0,2022-03-17
116,XDC Network,XDC,0.052299016906,0.012,0.034,-0.0559999999999999,9542402.0,644478092.0,2022-03-17
118,WAX,WAXP,0.276858,0.001,0.01,-0.04,20480550.0,626238810.0,2022-03-17
119,Qtum,QTUM,5.97,0.003,0.003,-0.013,61604038.0,621303049.0,2022-03-17
122,1inch,1INCH,1.49,0.008,-0.003,0.087,64145152.0,617505356.0,2022-03-17
124,Livepeer,LPT,24.57,0.013,0.032,-0.023,11245178.0,612934461.0,2022-03-17
125,Marinade staked SOL,MSOL,93.71,0.013,0.0579999999999999,0.027,14128670.0,607857600.0,2022-03-17
126,Bancor Network Token,BNT,2.32,0.005,0.013,0.011,18087546.0,595471450.0,2022-03-17
127,Ankr,ANKR,0.072733294373,0.001,0.0069999999999999,-0.05,21277459.0,594634282.0,2022-03-17
128,Pocket Network,POKT,0.697976,-0.003,-0.0,-0.079,1086957.0,587728129.0,2022-03-17
129,Zilliqa,ZIL,0.041562864374,0.002,0.013,0.001,30167523.0,585253625.0,2022-03-17
130,OMG Network,OMG,4.13,0.003,0.005,0.037,75465179.0,579014475.0,2022-03-17
132,Render Token,RNDR,2.46,0.001,0.011,-0.073,19940200.0,568806275.0,2022-03-17
133,Fei USD,FEI,1.0,0.002,0.003,0.009,6008234.0,560856126.0,2022-03-17
134,ICON,ICX,0.745261,0.002,-0.011,-0.102,27185040.0,547848667.0,2022-03-17
135,SafeMoon,SFM,0.000962072159,0.012,-0.064,-0.152,310296.0,544136940.0,2022-03-17
136,Ravencoin,RVN,0.051574181471,0.003,-0.003,-0.067,14056137.0,539976450.0,2022-03-17
137,IOST,IOST,0.022801632948,0.0,0.01,-0.027,36690680.0,526323716.0,2022-03-17
138,Bitcoin Gold,BTG,29.92,0.0,0.0069999999999999,-0.036,6176845.0,523876360.0,2022-03-17
139,Kava,KAVA,3.21,0.001,0.013,-0.009,15300789.0,517309409.0,2022-03-17
140,Rally,RLY,0.196257,0.015,0.09,-0.001,7033356.0,510399595.0,2022-03-17
141,e-Radix,EXRD,0.128151,0.009,0.05,0.078,2236562.0,508057632.0,2022-03-17
142,UMA,UMA,7.69,-0.003,-0.006,-0.046,62505441.0,503852158.0,2022-03-17
143,OEC Token,OKT,32.97,0.001,0.024,-0.083,3504725.0,502905278.0,2022-03-17
144,Songbird,SGB,0.063697975897,0.003,0.0139999999999999,-0.1169999999999999,1141938.0,495479119.0,2022-03-17
145,WOO Network,WOO,0.512092,0.004,0.04,0.018,49800358.0,489182316.0,2022-03-17
146,Moonbeam,GLMR,2.41,-0.004,0.0139999999999999,-0.08,44775987.0,485893979.0,2022-03-17
147,Velas,VLX,0.213294,0.002,0.001,-0.049,3415563.0,485455669.0,2022-03-17
149,Horizen,ZEN,39.44,0.001,0.021,-0.054,25684055.0,480024115.0,2022-03-17
150,Sapphire,SAPP,0.569767,0.005,0.012,-0.045,241909.0,478721909.0,2022-03-17
151,Rocket Pool,RPL,29.01,0.003,-0.034,0.0289999999999999,1766976.0,469695713.0,2022-03-17
152,Golem,GLM,0.466554,0.001,0.003,-0.088,12086033.0,466317264.0,2022-03-17
153,Liquity USD,LUSD,1.01,0.001,0.002,0.001,3788413.0,465309713.0,2022-03-17
154,Audius,AUDIO,0.743362,0.001,0.01,-0.046,6575647.0,457745959.0,2022-03-17
156,Baby Doge Coin,BABYDOGE,2.83e-09,0.004,-0.012,-0.071,9830393.0,449901755.0,2022-03-17
157,Siacoin,SC,0.008924907028,0.006,0.002,-0.0579999999999999,8429351.0,448569310.0,2022-03-17
158,Ontology,ONT,0.509902,0.004,0.021,-0.027,26504330.0,446660094.0,2022-03-17
159,0x,ZRX,0.51816,0.003,0.016,-0.01,24224308.0,439124277.0,2022-03-17
161,APENFT,NFT,1.538902e-06,0.001,0.01,-0.052,52887977.0,426608620.0,2022-03-17
162,Synapse,SYN,2.42,0.004,0.111,-0.011,8785527.0,425904952.0,2022-03-17
163,dYdX,DYDX,4.8,0.0,0.034,-0.053,84542474.0,410559152.0,2022-03-17
164,SwissBorg,CHSB,0.426636,-0.004,-0.002,-0.077,717426.0,407989611.0,2022-03-17
165,Everdome,DOME,0.047881406153,-0.025,0.131,0.038,59460882.0,407661797.0,2022-03-17
166,SKALE,SKL,0.123037,0.002,-0.026,-0.013,8458820.0,399524174.0,2022-03-17
167,Dogelon Mars,ELON,7.16912e-07,0.006,-0.01,-0.035,8089301.0,395179401.0,2022-03-17
168,Convex CRV,CVXCRV,2.1,0.022,0.083,0.022,284039.0,394323956.0,2022-03-17
169,Olympus,OHM,27.85,0.002,-0.005,-0.147,8810942.0,391190971.0,2022-03-17
170,Constellation,DAG,0.149017,-0.001,-0.02,0.125,925421.0,376819046.0,2022-03-17
171,Immutable X,IMX,1.59,0.001,0.01,0.001,74989985.0,374143811.0,2022-03-17
172,Gemini Dollar,GUSD,0.999103,-0.001,-0.002,-0.001,2599754.0,370970338.0,2022-03-17
173,JUST,JST,0.049988160157,0.005,0.022,-0.044,46444031.0,365218776.0,2022-03-17
174,NuCypher,NU,0.423049,0.004,0.008,-0.107,4447816.0,358798163.0,2022-03-17
175,Polymath,POLY,0.396075,0.002,0.0289999999999999,-0.047,16295087.0,356459406.0,2022-03-17
178,REN,REN,0.34295,0.002,0.011,-0.153,45489119.0,343396923.0,2022-03-17
179,Decentralized Social,DESO,32.58,-0.019,-0.038,0.053,665903.0,343383679.0,2022-03-17
180,Keep Network,KEEP,0.623793,0.001,0.023,-0.066,1863025.0,342624992.0,2022-03-17
181,Hive,HIVE,0.921978,0.003,0.063,0.008,27492473.0,342506941.0,2022-03-17
182,Flux,FLUX,1.43,0.002,0.003,0.044,11148974.0,328526106.0,2022-03-17
183,Nervos Network,CKB,0.010823610593,0.002,0.026,-0.025,5885924.0,326436851.0,2022-03-17
185,HUSD,HUSD,0.999448,-0.001,0.0,-0.0,21491124.0,321832852.0,2022-03-17
186,Lido DAO,LDO,2.9,0.016,-0.024,0.2289999999999999,6548070.0,320418126.0,2022-03-17
187,DeFi Kingdoms,JEWEL,4.33,0.0069999999999999,0.053,-0.093,13531791.0,319385783.0,2022-03-17
188,Ultra,UOS,1.17,0.005,0.024,-0.038,4195149.0,317369548.0,2022-03-17
189,Spell Token,SPELL,0.003476639888,0.0069999999999999,-0.02,-0.109,47028727.0,316934220.0,2022-03-17
190,Telcoin,TEL,0.005151230174,0.011,0.051,-0.0139999999999999,2189831.0,316916231.0,2022-03-17
191,Syscoin,SYS,0.497339,0.019,0.062,-0.043,11664234.0,316225956.0,2022-03-17
194,Kyber Network Crystal,KNC,3.01,0.01,-0.018,-0.043,19917604.0,308453415.0,2022-03-17
195,LooksRare,LOOKS,1.25,0.018,-0.0279999999999999,0.099,52982527.0,306746978.0,2022-03-17
196,Tomb,TOMB,1.19,-0.004,0.015,-0.1009999999999999,10836099.0,305642692.0,2022-03-17
197,Lisk,LSK,2.1,-0.004,0.03,-0.005,8942754.0,304232009.0,2022-03-17
198,DigitalBits,XDB,0.395059,-0.004,0.015,0.207,1567720.0,302184765.0,2022-03-17
199,DigiByte,DGB,0.01993648681,0.004,0.0139999999999999,-0.035,12119980.0,302087064.0,2022-03-17
200,Persistence,XPRT,3.61,-0.001,0.091,0.07,5704698.0,298811585.0,2022-03-17
201,PlayDapp,PLA,0.812543,0.002,0.016,-0.0279999999999999,21899896.0,295009942.0,2022-03-17
203,Stargaze,STARS,0.387759,0.001,-0.035,-0.209,1422449.0,288957891.0,2022-03-17
204,Ronin,RON,1.93,0.0,0.036,-0.039,2336649.0,285584777.0,2022-03-17
205,Trust Wallet Token,TWT,0.81527,-0.006,0.13,0.109,26534917.0,284403138.0,2022-03-17
206,Casper Network,CSPR,0.067306582006,0.0139999999999999,0.062,0.037,10361454.0,280491915.0,2022-03-17
207,Tokemak,TOKE,24.1,0.006,-0.042,-0.118,6082833.0,280398265.0,2022-03-17
208,SafeMoon [OLD],SAFEMOON,5.15423e-07,0.002,0.02,-0.009,879.16,277800683.0,2022-03-17
209,Radio Caca,RACA,0.001337390452,-0.0,0.004,0.084,17146649.0,277127753.0,2022-03-17
210,Pirate Chain,ARRR,1.44,-0.003,0.003,0.221,1185789.0,275717440.0,2022-03-17
211,SXP,SXP,1.41,0.005,0.05,0.045,68376375.0,273381975.0,2022-03-17
212,MAI,MIMATIC,1.0,0.002,0.003,0.008,5757297.0,269690665.0,2022-03-17
213,Floki Inu,FLOKI,2.8878952e-05,0.0,0.019,-0.095,7318364.0,264302676.0,2022-03-17
214,Injective,INJ,5.4,0.008,0.0139999999999999,0.011,25990848.0,262798491.0,2022-03-17
215,Mobox,MBOX,2.11,-0.004,0.033,0.0559999999999999,42594303.0,261388946.0,2022-03-17
216,MXC,MXC,0.105998,-0.005,0.017,0.1689999999999999,22877952.0,258748257.0,2022-03-17
217,Everscale,EVER,0.19269,0.0,-0.0139999999999999,-0.011,14939.44,258439550.0,2022-03-17
218,Perpetual Protocol,PERP,3.95,0.004,0.023,-0.017,9229627.0,257335955.0,2022-03-17
219,Zenon,ZNN,5.21,0.0069999999999999,-0.026,-0.114,38130.88,257245207.0,2022-03-17
220,WINkLink,WIN,0.000265884701,-0.0,-0.001,-0.043,78640150.0,256027145.0,2022-03-17
221,Coin98,C98,1.37,0.003,0.023,0.036,32845038.0,254083272.0,2022-03-17
222,WazirX,WRX,0.55677,-0.001,-0.002,-0.123,6363664.0,254078525.0,2022-03-17
223,Serum,SRM,1.9,0.005,0.018,-0.016,28934537.0,253353070.0,2022-03-17
224,Lido Staked SOL,STSOL,93.27,0.0139999999999999,0.064,0.0279999999999999,4306699.0,252733440.0,2022-03-17
225,Zipmex Token,ZMT,2.84,-0.002,0.018,0.003,14507743.0,252612673.0,2022-03-17
226,Mirror Protocol,MIR,1.71,0.005,0.004,-0.1689999999999999,49984848.0,248849118.0,2022-03-17
227,Creditcoin,CTC,1.17,-0.001,0.032,0.02,3120629.0,242723178.0,2022-03-17
228,Tribe,TRIBE,0.531679,-0.005,-0.021,-0.0409999999999999,8080240.0,242034097.0,2022-03-17
229,VVS Finance,VVS,2.2036915e-05,-0.0,-0.013,-0.129,2778953.0,236041817.0,2022-03-17
230,Metahero,HERO,0.044697410123,-0.005,-0.01,-0.13,7788330.0,234727576.0,2022-03-17
231,Yield Guild Games,YGG,2.65,0.022,0.096,-0.013,32498566.0,232020727.0,2022-03-17
232,Function X,FX,0.490287,-0.008,0.003,-0.025,2789713.0,230355668.0,2022-03-17
233,API3,API3,4.64,0.003,-0.012,-0.146,30688251.0,230330587.0,2022-03-17
234,Dent,DENT,0.002405588079,-0.002,0.023,-0.042,15366549.0,230289059.0,2022-03-17
235,Raydium,RAY,2.52,0.006,0.004,-0.01,20578926.0,229551472.0,2022-03-17
236,Fetch.ai,FET,0.333007,0.01,0.016,-0.06,18218920.0,229348461.0,2022-03-17
237,Escoin Token,ELG,3.31,0.005,-0.015,0.017,724098.0,228752259.0,2022-03-17
238,Euro Tether,EURT,1.11,-0.0,0.006,0.003,14717552.0,228389194.0,2022-03-17
239,CoinEx Token,CET,0.06114066275,-0.001,-0.0,0.049,525677.0,227207627.0,2022-03-17
241,Chromia,CHR,0.399507,0.001,0.053,0.02,58264434.0,226830657.0,2022-03-17
242,Chia,XCH,65.99,-0.003,0.015,-0.077,9082334.0,225459171.0,2022-03-17
243,xSUSHI,XSUSHI,4.02,0.012,0.0579999999999999,0.022,255785.0,225344906.0,2022-03-17
244,Cratos,CRTS,0.003236528133,0.003,0.099,-0.027,16517737.0,223198961.0,2022-03-17
245,Status,SNT,0.057335510854,-0.002,0.01,-0.086,8733449.0,222865089.0,2022-03-17
246,Telos,TLOS,0.858613,0.001,0.046,-0.059,3788138.0,222068806.0,2022-03-17
247,Power Ledger,POWR,0.511559,0.002,0.013,-0.04,31170583.0,219951909.0,2022-03-17
248,Astar,ASTR,0.107755,-0.001,0.044,0.027,8916820.0,218062741.0,2022-03-17
249,Medibloc,MED,0.040421543227,0.001,0.0069999999999999,-0.013,4569259.0,217275804.0,2022-03-17
250,Celer Network,CELR,0.03831685277,0.009,0.036,-0.038,29766536.0,216429137.0,2022-03-17
251,COTI,COTI,0.204755,0.001,0.016,-0.032,12162479.0,215079506.0,2022-03-17
252,Vulcan Forged,PYR,8.9,0.001,0.023,-0.096,20305571.0,212825987.0,2022-03-17
254,Energy Web Token,EWT,5.03,-0.0,0.025,-0.02,1278646.0,211101992.0,2022-03-17
255,PLEX,PLEX,0.857492,0.024,0.05,0.142,14908002.0,210041737.0,2022-03-17
256,Orbs,ORBS,0.072277990941,-0.001,0.001,-0.008,5313234.0,209383845.0,2022-03-17
257,Alchemix USD,ALUSD,0.998794,-0.0,0.0,0.001,142769.0,208931720.0,2022-03-17
258,XYO Network,XYO,0.016424293565,-0.0,0.005,-0.055,4920583.0,204717393.0,2022-03-17
259,Boba Network,BOBA,1.28,0.005,0.0579999999999999,0.162,7605916.0,204133364.0,2022-03-17
260,Ocean Protocol,OCEAN,0.465948,0.001,-0.0069999999999999,0.0069999999999999,13125747.0,202260490.0,2022-03-17
262,Mdex,MDX,0.231902,0.001,0.037,0.043,10470382.0,200934743.0,2022-03-17
263,LUKSO Token,LYXE,13.11,-0.002,0.0069999999999999,-0.051,2438281.0,199459617.0,2022-03-17
264,Mask Network,MASK,4.21,0.002,0.043,-0.01,72687776.0,198784023.0,2022-03-17
265,DAO Maker,DAO,2.19,0.005,0.005,-0.051,2620710.0,198134048.0,2022-03-17
267,UFO Gaming,UFO,7.566144e-06,0.0069999999999999,0.005,-0.0559999999999999,5528279.0,194844243.0,2022-03-17
268,Ardor,ARDR,0.194427,-0.004,0.008,-0.043,5019344.0,194331101.0,2022-03-17
269,Pundi X,PUNDIX,0.745885,0.0,0.008,-0.049,4093358.0,192900544.0,2022-03-17
270,Civic,CVC,0.28617,-0.001,0.067,0.044,61814649.0,192055742.0,2022-03-17
271,GMX,GMX,25.47,0.003,0.119,0.0139999999999999,3169278.0,190389663.0,2022-03-17
273,Kyber Network Crystal Legacy,KNCL,3.03,0.015,-0.011,-0.032,82195466.0,187322633.0,2022-03-17
274,MX Token,MX,1.87,-0.001,0.006,-0.005,374184.0,186909022.0,2022-03-17
275,Coinmetro,XCM,0.613238,0.003,0.006,-0.024,36444.53,185482862.0,2022-03-17
276,Conflux,CFX,0.118894,-0.001,0.022,-0.055,5488882.0,185392410.0,2022-03-17
277,Yoshi.exchange,YOSHI,1.4,0.001,0.05,0.28,1673418.0,183581718.0,2022-03-17
279,MiL.k Alliance,MLK,0.814028,-0.001,-0.0,-0.004,9464173.0,181018689.0,2022-03-17
280,XSGD,XSGD,0.737151,0.0,0.003,0.002,2206838.0,180464893.0,2022-03-17
281,Divi,DIVI,0.064853595251,0.018,0.036,-0.008,202892.0,180441034.0,2022-03-17
282,JOE,JOE,0.982235,-0.011,0.1119999999999999,-0.033,47914853.0,180295364.0,2022-03-17
283,Radicle,RAD,4.33,-0.0,-0.022,-0.065,7819981.0,178613189.0,2022-03-17
284,SuperFarm,SUPER,0.612438,-0.002,0.012,-0.062,13815815.0,176123468.0,2022-03-17
286,Aragon,ANT,4.6,0.005,-0.0069999999999999,-0.032,20342438.0,174947342.0,2022-03-17
287,Reserve Rights Token,RSR,0.013289915359,-0.003,-0.037,0.016,62606911.0,174938398.0,2022-03-17
288,Moonriver,MOVR,51.56,0.001,0.0579999999999999,-0.063,19258945.0,174781398.0,2022-03-17
289,BTSE Token,BTSE,8.47,0.017,0.0069999999999999,0.088,182389.0,171754643.0,2022-03-17
290,Ergo,ERG,3.26,-0.006,0.002,0.004,1480738.0,170208459.0,2022-03-17
291,Rari Governance Token,RGT,15.15,-0.0,0.016,-0.064,109283.0,170001175.0,2022-03-17
292,Request,REQ,0.219206,-0.002,0.006,0.093,11689099.0,169969973.0,2022-03-17
293,Cartesi,CTSI,0.321965,0.003,0.033,0.0,17202782.0,167831024.0,2022-03-17
294,Aurora,AURORA,7.35,-0.001,0.072,-0.069,1298850.0,167615843.0,2022-03-17
296,Power Cash,PRCH,0.000580255891,0.004,0.057,-0.034,121835.0,165663549.0,2022-03-17
299,Numeraire,NMR,27.87,0.0,-0.009,-0.036,3832085.0,164787989.0,2022-03-17
300,Alchemy Pay,ACH,0.040004817834,0.005,-0.013,-0.045,6824925.0,164599197.0,2022-03-17
301,FEG Token BSC,FEG,3.893e-09,0.025,-0.023,-0.013,270143.0,163269693.0,2022-03-17
302,inSure DeFi,SURE,0.006161036427,0.006,0.03,0.132,1159883.0,162967567.0,2022-03-17
303,Multichain,MULTI,8.85,-0.001,-0.033,-0.243,841002.0,162445121.0,2022-03-17
304,Bifrost,BFC,0.149851,-0.0,0.005,-0.026,1897563.0,159291451.0,2022-03-17
306,World Mobile Token,WMT,0.668572,0.001,0.022,-0.0559999999999999,1060965.0,156579542.0,2022-03-17
307,Poollotto.finance,PLT,17.97,0.015,0.021,0.036,701074.0,156426727.0,2022-03-17
308,Mango,MNGO,0.150121,0.001,0.015,-0.017,491181.0,156098438.0,2022-03-17
309,AscendEx Token,ASD,0.209002,-0.002,-0.001,-0.047,1996023.0,155507488.0,2022-03-17
310,Reef Finance,REEF,0.008484927042,0.002,0.005,-0.022,15128863.0,154953141.0,2022-03-17
311,Storj,STORJ,1.06,0.003,0.0279999999999999,0.076,22799371.0,153045067.0,2022-03-17
312,FEG Token,FEG,3.712e-09,-0.012,0.005,0.001,596220.0,152507971.0,2022-03-17
313,Tokamak Network,TON,3.63,0.001,0.018,-0.049,3175683.0,152418252.0,2022-03-17
314,BNB48 Club Token,KOGE,75.36,0.006,0.016,-0.0005,8343005.0,151006279.0,2022-03-17
315,Akash Network,AKT,1.14,0.013,0.039,0.005,1488453.0,150977820.0,2022-03-17
316,Origin Dollar,OUSD,0.996761,-0.001,0.003,-0.005,384674.0,150877504.0,2022-03-17
317,Verge,XVG,0.009119355152,0.0,-0.001,-0.1369999999999999,3989138.0,150565690.0,2022-03-17
318,VeThor Token,VTHO,0.003276533427,-0.002,0.01,0.021,5281032.0,149610423.0,2022-03-17
319,Merit Circle,MC,2.12,-0.001,0.015,0.035,9053682.0,149412537.0,2022-03-17
320,USDX,USDX,0.972184,0.0069999999999999,0.006,0.003,633490.0,148673012.0,2022-03-17
321,Band Protocol,BAND,3.57,0.001,-0.012,-0.043,14710862.0,148621625.0,2022-03-17
322,aelf,ELF,0.320715,-0.001,0.0069999999999999,-0.038,6682894.0,148069098.0,2022-03-17
323,Biconomy,BICO,1.29,-0.006,-0.018,-0.0,30433864.0,147807938.0,2022-03-17
324,OriginTrail,TRAC,0.403433,-0.01,0.006,-0.093,1641938.0,147741339.0,2022-03-17
326,Orchid Protocol,OXT,0.245431,0.0,0.035,0.06,16831078.0,145268599.0,2022-03-17
327,StarLink,STARL,1.4478205e-05,0.002,0.003,-0.023,6019692.0,144516643.0,2022-03-17
328,GPEX,GPX,3.77,-0.002,-0.017,-0.061,166864.0,144310185.0,2022-03-17
329,Kishu Inu,KISHU,1.484e-09,-0.0,-0.039,0.073,5930373.0,143713655.0,2022-03-17
330,Beta Finance,BETA,0.390171,0.001,0.0069999999999999,-0.087,16200954.0,140529092.0,2022-03-17
331,Ark,ARK,0.855048,0.008,0.024,-0.053,2191914.0,139681382.0,2022-03-17
333,STASIS EURO,EURS,1.11,-0.001,0.005,0.001,5583658.0,137830475.0,2022-03-17
334,Acala,ACA,1.08,0.002,-0.0139999999999999,-0.054,8839438.0,137419617.0,2022-03-17
336,Magic,MAGIC,2.66,-0.002,-0.045,-0.054,4586490.0,135701244.0,2022-03-17
337,Hxro,HXRO,0.304276,0.0,-0.003,-0.066,71104.14,133744124.0,2022-03-17
338,Sperax,SPA,0.170244,-0.004,0.026,-0.026,911737.0,133654459.0,2022-03-17
339,MaidSafeCoin,MAID,0.295224,0.001,0.001,-0.067,7810.13,133599281.0,2022-03-17
340,flexUSD,FLEXUSD,1.0,-0.0,-0.005,0.002,312664.0,132659636.0,2022-03-17
341,Prometeus,PROM,8.05,-0.001,0.011,-0.031,889637.0,132399958.0,2022-03-17
342,Iron Bank EURO,IBEUR,1.1,0.0,0.016,0.005,57945.42,132176489.0,2022-03-17
343,Qredo,QRDO,2.61,-0.0,0.0279999999999999,0.024,16725771.0,131117652.0,2022-03-17
344,Bezoge Earth,BEZOGE,2.984e-09,-0.004,-0.022,-0.177,176270.0,130736810.0,2022-03-17
345,Victoria VR,VR,0.154224,0.01,0.067,0.131,10041552.0,130077410.0,2022-03-17
346,Polkastarter,POLS,1.47,0.018,-0.042,0.198,34461134.0,129790575.0,2022-03-17
347,DUSK Network,DUSK,0.32285,-0.024,-0.0069999999999999,-0.108,10733697.0,129772453.0,2022-03-17
348,iExec RLC,RLC,1.81,0.004,-0.001,0.01,4304190.0,129744853.0,2022-03-17
349,RMRK,RMRK,13.61,-0.006,-0.003,-0.07,3122953.0,129381545.0,2022-03-17
351,Metadium,META,0.076139640664,-0.002,-0.012,0.004,9899795.0,128563501.0,2022-03-17
352,StormX,STMX,0.013797399421,0.002,-0.0139999999999999,-0.1,1844462.0,128358108.0,2022-03-17
353,Stratis,STRAX,0.94622,-0.003,0.013,-0.04,14410182.0,128080393.0,2022-03-17
354,STP Network,STPT,0.087992796441,0.0,0.016,-0.046,7298290.0,127931734.0,2022-03-17
355,Steem,STEEM,0.322052,0.004,0.02,-0.011,4267199.0,127246640.0,2022-03-17
356,DEAPCOIN,DEP,0.027101682754,-0.008,-0.018,-0.159,5123322.0,126235341.0,2022-03-17
358,RSK Infrastructure Framework,RIF,0.151385,-0.002,0.01,-0.07,206651.0,125639850.0,2022-03-17
359,Dawn Protocol,DAWN,1.72,0.001,0.0139999999999999,0.006,4063485.0,125035795.0,2022-03-17
360,Alpha Finance,ALPHA,0.280024,0.003,0.004,-0.003,5728562.0,125007857.0,2022-03-17
361,NKN,NKN,0.191882,0.005,-0.003,-0.0139999999999999,5872145.0,124824929.0,2022-03-17
362,Decentral Games,DG,0.322954,-0.01,0.059,0.008,1307545.0,124818085.0,2022-03-17
363,Balancer,BAL,11.52,0.0,0.006,-0.038,8895097.0,124477702.0,2022-03-17
364,Strike,STRK,39.63,0.002,0.044,-0.01,70589902.0,124043364.0,2022-03-17
365,Alien Worlds,TLM,0.099181828389,0.008,0.0279999999999999,-0.019,53533075.0,123122031.0,2022-03-17
366,Dero,DERO,10.93,0.001,0.0069999999999999,-0.158,568520.0,122930832.0,2022-03-17
367,Sun Token,SUN,0.011601809279,0.0,0.0,-0.026,20031921.0,122048839.0,2022-03-17
369,GXChain,GXC,1.62,-0.006,-0.01,-0.046,11044304.0,122034911.0,2022-03-17
371,Spookyswap,BOO,13.41,-0.005,0.027,-0.073,3033122.0,120688730.0,2022-03-17
372,Maple,MPL,26.62,-0.016,0.048,0.216,6013862.0,120557876.0,2022-03-17
373,Kirobo,KIRO,0.125334,0.009,-0.008,-0.102,60450.88,119964465.0,2022-03-17
374,BENQI Liquid Staked AVAX,SAVAX,79.79,-0.0,0.095,0.0289999999999999,1138158.0,119637582.0,2022-03-17
376,Aavegotchi,GHST,1.94,-0.001,0.0,-0.008,28955029.0,117650490.0,2022-03-17
377,FUNToken,FUN,0.011072744983,-0.0069999999999999,0.012,-0.012,840985.0,117522843.0,2022-03-17
378,agEUR,AGEUR,1.11,0.003,0.011,0.005,2130541.0,115865259.0,2022-03-17
379,Alchemix,ALCX,96.93,-0.001,0.023,-0.144,6978992.0,114928689.0,2022-03-17
380,Hoo Token,HOO,1.39,-0.004,0.035,0.059,8832185.0,114432549.0,2022-03-17
383,DODO,DODO,0.395012,-0.003,0.009,-0.033,24729655.0,113721778.0,2022-03-17
384,Hathor,HTR,0.491681,0.001,0.0279999999999999,-0.049,5298234.0,112171936.0,2022-03-17
385,TitanSwap,TITAN,1.12,-0.018,-0.008,-0.038,24457.53,111774842.0,2022-03-17
386,PlatON Network,LAT,0.046419884436,0.005,0.022,-0.047,2598864.0,111691885.0,2022-03-17
387,Phantasma,SOUL,1.07,0.005,-0.009,-0.105,2935493.0,111502505.0,2022-03-17
388,Tornado Cash,TORN,47.28,-0.002,-0.01,-0.044,7275467.0,111302578.0,2022-03-17
389,Klever,KLV,0.020930640049,-0.002,-0.01,0.015,3409196.0,110824223.0,2022-03-17
391,BTC Standard Hashrate Token,BTCST,15.08,0.0069999999999999,-0.015,-0.092,3149394.0,109935865.0,2022-03-17
392,KardiaChain,KAI,0.032601817619,-0.002,-0.015,-0.061,2890097.0,109334845.0,2022-03-17
394,Proton,XPR,0.011066116011,-0.002,0.008,-0.102,8687937.0,109182891.0,2022-03-17
395,Utrust,UTK,0.237003,-0.001,0.015,-0.051,8201156.0,109107417.0,2022-03-17
396,Kava Swap,SWP,1.82,-0.012,0.008,0.0,1981564.0,109049036.0,2022-03-17
397,Regen,REGEN,0.873466,-0.002,0.013,-0.04,185688.0,107921529.0,2022-03-17
398,BakerySwap,BAKE,0.559948,0.002,0.021,-0.016,15467623.0,107743877.0,2022-03-17
399,Hydra,HYDRA,9.26,0.004,0.04,0.0559999999999999,884096.0,107523003.0,2022-03-17
400,Venus,XVS,8.86,0.003,0.04,-0.01,15729939.0,106857130.0,2022-03-17
401,CRYPTO20,C20,3.21,0.005,0.094,-0.0139999999999999,244162.0,106817045.0,2022-03-17
402,Pylon Protocol,MINE,0.054820562279,-0.002,0.025,0.118,255036.0,106639197.0,2022-03-17
403,QuarkChain,QKC,0.016027563853,0.008,0.0279999999999999,-0.031,2308543.0,106547838.0,2022-03-17
404,Orion Protocol,ORN,3.06,0.003,-0.012,-0.074,9655123.0,104853664.0,2022-03-17
405,Seedify.fund,SFUND,4.37,-0.002,0.013,-0.168,3082745.0,104617801.0,2022-03-17
406,TomoChain,TOMO,1.19,0.0069999999999999,0.015,-0.0279999999999999,2030435.0,104551092.0,2022-03-17
407,Ellipsis,EPS,0.166502,-0.001,0.012,-0.0289999999999999,5645716.0,104379795.0,2022-03-17
408,Railgun,RAIL,1.81,-0.001,0.021,-0.175,471794.0,104202720.0,2022-03-17
409,Decentral Games Governance,XDG,0.338029,0.013,0.052,0.013,147662.0,104005183.0,2022-03-17
410,Hermez Network,HEZ,6.17,0.002,0.015,0.013,68193.73,103279211.0,2022-03-17
411,AIOZ Network,AIOZ,0.214561,-0.012,-0.095,-0.107,5493212.0,103148149.0,2022-03-17
412,ICHI,ICHI,23.02,0.005,0.017,0.108,662181.0,100868057.0,2022-03-17
414,Bitcoin Diamond,BCD,0.52929,0.015,0.0289999999999999,-0.0409999999999999,13758923.0,99286361.0,2022-03-17
415,Metal,MTL,1.52,0.004,-0.001,-0.044,10399052.0,98146821.0,2022-03-17
416,Dopex Rebate Token,RDPX,105.79,-0.013,0.052,0.092,1970405.0,97862985.0,2022-03-17
417,Wilder World,WILD,1.17,-0.012,0.004,-0.178,4126450.0,97738316.0,2022-03-17
418,cBAT,CBAT,0.013887822764,0.006,0.016,-0.0005,8343005.0,96581377.0,2022-03-17
419,Wrapped Centrifuge,WCFG,0.481036,-0.003,-0.01,-0.043,1727756.0,95950030.0,2022-03-17
420,Bounce,AUCTION,13.12,0.002,0.002,-0.0,1640514.0,94608029.0,2022-03-17
421,Augur,REP,13.56,0.001,0.01,-0.0409999999999999,5896456.0,94396497.0,2022-03-17
422,sUSD,SUSD,0.997496,0.001,0.004,-0.003,9442897.0,94221877.0,2022-03-17
423,Electroneum,ETN,0.005214209583,0.006,0.025,-0.05,189537.0,93414016.0,2022-03-17
424,KeeperDAO,ROOK,115.76,0.008,0.07,-0.105,652966.0,93199097.0,2022-03-17
425,Dvision Network,DVI,0.380746,0.008,0.091,-0.108,2438408.0,92462684.0,2022-03-17
426,cUNI,CUNI,0.186789,0.002,0.02,0.013,818771.0,91378796.0,2022-03-17
427,Wanchain,WAN,0.472639,0.001,0.0,0.003,5680953.0,91293951.0,2022-03-17
428,IDEX,IDEX,0.142172,0.004,-0.002,-0.055,11854190.0,90697310.0,2022-03-17
429,Verasity,VRA,0.020213148673,0.008,-0.03,-0.113,55707710.0,90445041.0,2022-03-17
430,Neutrino System Base Token,NSBT,35.75,-0.001,0.009,0.188,208377.0,90375202.0,2022-03-17
431,Everipedia,IQ,0.008982625251,-0.005,-0.004,-0.005,2844319.0,90044377.0,2022-03-17
435,AllianceBlock,ALBT,0.229837,-0.003,0.038,0.053,380133.0,88953339.0,2022-03-17
436,ZoidPay,ZPAY,0.303949,-0.004,-0.018,0.212,580730.0,88904956.0,2022-03-17
437,Ampleforth,AMPL,1.07,0.0,-0.049,0.104,1359111.0,88008725.0,2022-03-17
438,Bonfida,FIDA,1.65,-0.002,0.025,-0.083,7357829.0,87734475.0,2022-03-17
439,Avalaunch,XAVA,3.92,-0.002,0.034,-0.024,1323970.0,86912829.0,2022-03-17
440,Adventure Gold,AGLD,1.11,-0.011,0.009,0.089,56512453.0,85908280.0,2022-03-17
441,Adshares,ADS,3.55,0.001,0.0279999999999999,0.298,1188991.0,85408124.0,2022-03-17
442,Automata,ATA,0.368096,0.004,0.004,-0.003,3784037.0,83651315.0,2022-03-17
444,Crabada,CRA,0.957634,0.026,0.064,0.033,2393019.0,83266240.0,2022-03-17
445,CertiK,CTK,1.17,-0.002,-0.003,-0.009,4539353.0,82895723.0,2022-03-17
446,Celo Dollar,CUSD,1.0,-0.001,0.005,0.004,2890566.0,82678314.0,2022-03-17
447,Propy,PRO,1.43,-0.005,0.087,-0.131,1092863.0,82507865.0,2022-03-17
448,Swarm,BZZ,1.26,0.002,0.052,-0.0139999999999999,1150674.0,81979222.0,2022-03-17
449,Clover Finance,CLV,0.313737,-0.003,0.0279999999999999,-0.0139999999999999,10080749.0,81842102.0,2022-03-17
450,Covalent,CQT,0.319453,-0.0,0.036,-0.1,1930543.0,81675970.0,2022-03-17
451,chrono.tech,TIME,113.61,0.012,-0.036,-0.2339999999999999,150984.0,80595619.0,2022-03-17
452,Biswap,BSW,0.355954,0.002,-0.002,0.0579999999999999,4931153.0,80314265.0,2022-03-17
453,Gitcoin,GTC,5.65,0.004,-0.003,-0.102,7848894.0,80282760.0,2022-03-17
456,SafePal,SFP,0.740146,-0.002,0.013,-0.018,8669227.0,80075567.0,2022-03-17
458,BENQI,QI,0.050743317046,0.0,0.024,-0.048,8530801.0,79411049.0,2022-03-17
459,Aergo,AERGO,0.218479,-0.004,0.012,-0.129,7272167.0,79214487.0,2022-03-17
460,Enzyme,MLN,54.27,0.005,0.006,0.033,5114354.0,78897484.0,2022-03-17
461,Nerve Finance,NRV,0.018468001417,-0.015,0.057,-0.04,26173.31,77747624.0,2022-03-17
462,Rai Reflex Index,RAI,3.04,0.003,0.003,0.002,1057135.0,77616933.0,2022-03-17
463,Aurory,AURY,8.09,-0.001,0.008,0.004,1438567.0,76843664.0,2022-03-17
464,RIZON,ATOLO,0.034953545858,0.001,-0.018,-0.05,334964.0,75194885.0,2022-03-17
465,Aave [OLD],LEND,1.47,0.002,0.079,0.072,11843.62,75160944.0,2022-03-17
466,mStable USD,MUSD,0.999305,-0.0,-0.0,0.0,100066.0,74706759.0,2022-03-17
468,Blox,CDT,0.110513,0.053,0.151,-0.0069999999999999,151228.0,74560549.0,2022-03-17
469,PlatonCoin,PLTC,0.682181,-0.001,0.068,0.1989999999999999,195574.0,74286948.0,2022-03-17
470,ShapeShift FOX Token,FOX,0.272417,0.001,0.002,-0.0279999999999999,671439.0,74091492.0,2022-03-17
471,Handshake,HNS,0.155984,-0.004,-0.001,-0.168,171651.0,74049207.0,2022-03-17
472,PEAKDEFI,PEAK,0.05519710958,0.04,-0.018,-0.175,72443.45,74047013.0,2022-03-17
473,Presearch,PRE,0.186584,0.001,0.037,-0.025,706220.0,74002744.0,2022-03-17
474,SingularityNET,AGIX,0.082793325047,-0.001,-0.015,-0.081,1211638.0,73431209.0,2022-03-17
475,Sai,SAI,1.0,0.006,0.016,-0.0005,8343005.0,72643253.0,2022-03-17
476,Sifchain,EROWAN,0.092998915614,0.005,0.026,-0.031,2618246.0,72370847.0,2022-03-17
477,Badger DAO,BADGER,7.24,-0.005,-0.011,-0.074,3893756.0,72193740.0,2022-03-17
478,Index Coop - ETH 2x Flexible Leverage Index,ETH2X-FLI,69.79,0.002,0.0559999999999999,0.063,1140003.0,72083620.0,2022-03-17
479,Oxygen,OXY,0.355128,0.012,0.094,0.09,628756.0,71658098.0,2022-03-17
480,Hifi Finance,MFT,0.007610380739,-0.003,0.0069999999999999,0.0579999999999999,13457578.0,71444464.0,2022-03-17
482,MAPS,MAPS,0.944908,0.0069999999999999,0.143,0.121,1481120.0,70633226.0,2022-03-17
483,Wrapped NXM,WNXM,26.39,0.003,-0.01,-0.03,1579870.0,70593491.0,2022-03-17
484,Sovryn,SOV,3.32,-0.006,-0.0289999999999999,-0.159,732020.0,70581427.0,2022-03-17
485,Netvrk,NTVRK,1.71,-0.0069999999999999,0.1159999999999999,-0.0289999999999999,2603788.0,70480323.0,2022-03-17
486,Dock,DOCK,0.033661853536,0.001,0.008,-0.022,2401530.0,70448413.0,2022-03-17
487,ShareToken,SHR,0.007367750574,-0.0,0.0289999999999999,-0.175,261673.0,69453171.0,2022-03-17
488,TempleDAO,TEMPLE,0.641015,0.001,-0.036,-0.05,857448.0,69369413.0,2022-03-17
490,GuildFi,GF,1.58,0.001,0.031,0.019,4047040.0,68575496.0,2022-03-17
491,ChainX,PCX,1.64,0.006,-0.015,0.033,523787.0,68530128.0,2022-03-17
492,Loom Network (OLD),LOOMOLD,0.082172200347,0.005,0.102,0.018,2657217.0,68416663.0,2022-03-17
493,Travala.com,AVA,1.32,0.002,-0.01,0.003,3591714.0,68291858.0,2022-03-17
495,IRISnet,IRIS,0.055425599401,0.016,-0.003,-0.088,2976839.0,68090240.0,2022-03-17
496,Circuits of Value,COVAL,0.037961003776,0.002,-0.012,-0.054,366787.0,67826274.0,2022-03-17
497,ARPA Chain,ARPA,0.069003373522,-0.0,0.008,-0.037,13633759.0,67762845.0,2022-03-17
498,SuperRare,RARE,0.464613,-0.003,0.0139999999999999,0.019,9398219.0,67388220.0,2022-03-17
499,Verus Coin,VRSC,0.999387,0.053,0.061,-0.122,20275.07,67318962.0,2022-03-17
